{"version":{"fullVersion":"1.4.25","major":"1","minor":"4","patch":"25"},"meta":{"flags":["experimentalData"]},"collections":[{"name":"post","label":"Posts","path":"content/posts","fields":[{"type":"boolean","name":"draft","label":"Draft","namespace":["post","draft"],"searchable":true},{"type":"string","name":"title","label":"Title","isTitle":true,"required":true,"namespace":["post","title"],"searchable":true},{"type":"datetime","name":"date","label":"Date","namespace":["post","date"],"searchable":true},{"type":"string","name":"description","label":"Description","namespace":["post","description"],"searchable":true},{"type":"rich-text","name":"body","label":"Body","isBody":true,"namespace":["post","body"],"searchable":true,"parser":{"type":"markdown"}},{"type":"image","name":"featured_image","label":"Featured Image","namespace":["post","featured_image"],"searchable":false},{"type":"string","name":"author","label":"Author","namespace":["post","author"],"searchable":true}],"ui":{},"namespace":["post"]}],"config":{"media":{"tina":{"publicFolder":"public","mediaRoot":""}},"search":{"tina":{"indexerToken":"ff0a5292ae527c9c9f69bbbc5e26c26a3c0b025b","stopwordLanguages":["eng"]},"indexBatchSize":100,"maxSearchIndexFieldLength":100}}}